1,Skinix
2,Jaxspan
3,Plambee
4,Youspan
5,Bluejam
6,Rooxo
7,Topicblab
8,Voolia
9,Layo
10,Bluejam
11,InnoZ
12,Jetwire
13,Thoughtblab
14,Jaxworks
15,Zava
16,Dynabox
17,Linklinks
18,Voonyx
19,Livefish
20,Realmix
21,Mita
22,Quimba
23,Brainverse
24,Browseblab
25,Wordify
26,Vinder
27,Voonyx
28,Dazzlesphere
29,Centidel
30,Skyble
31,Muxo
32,Teklist
33,Omba
34,Kwinu
35,Jamia
36,Avaveo
37,Layo
38,Aivee
39,DabZ
40,Eamia
41,Brightbean
42,Vinder
43,Mydeo
44,Mydo
45,Shufflester
46,Roombo
47,Feednation
48,Layo
49,Voomm
50,Cogidoo
51,Livetube
52,Quinu
53,DabZ
54,Skipfire
55,Tagfeed
56,Rhyzio
57,Skipstorm
58,Lazzy
59,Oyondu
60,Fivebridge
61,Thoughtworks
62,Jazzy
63,Jayo
64,Wordtune
65,DabZ
66,Mita
67,Yacero
68,Fliptune
69,Devify
70,Skilith
71,Camido
72,Miboo
73,Bubbletube
74,Livefish
75,Riffpedia
76,Oyonder
77,Youfeed
78,Youtags
79,Brainlounge
80,Ntag
81,Aivee
82,Dabfeed
83,Yodoo
84,Linklinks
85,Buzzshare
86,Mycat
87,Vinte
88,Skyvu
89,Zoonoodle
90,Reallinks
91,Dabshots
92,Digitube
93,Skimia
94,Aivee
95,Chatterpoint
96,Twinte
97,Kayveo
98,Voonder
99,Avavee
100,Topicstorm
101,Youfeed
102,Eamia
103,Devpoint
104,Mynte
105,InnoZ
106,Dynava
107,Flashdog
108,Photojam
109,Kwideo
110,Youtags
111,Thoughtsphere
112,Jabbertype
113,Browsetype
114,Trunyx
115,Kimia
116,Gabspot
117,Brainverse
118,Ntag
119,Yambee
120,Youbridge
121,Skiba
122,BlogXS
123,Voonyx
124,Mudo
125,Brainverse
126,Pixonyx
127,Mudo
128,Gevee
129,Skyndu
130,Zoozzy
131,Realcube
132,Jabberbean
133,Leexo
134,Wordpedia
135,Youfeed
136,Vitz
137,Buzzster
138,Dynazzy
139,Dynava
140,Agimba
141,Reallinks
142,Skimia
143,Lazz
144,Kayveo
145,Lazz
146,Flashspan
147,Linklinks
148,Twinte
149,Jayo
150,Oyonder
151,Izio
152,Voonix
153,LiveZ
154,Gabspot
155,LiveZ
156,Realbuzz
157,Thoughtstorm
158,Thoughtbeat
159,Photofeed
160,Dabfeed
161,Ntags
162,Skilith
163,Roodel
164,Vidoo
165,Lajo
166,Buzzbean
167,Tagfeed
168,Thoughtbeat
169,Yakijo
170,Feedfish
171,Flipstorm
172,Edgewire
173,Gabtype
174,Fivespan
175,Livepath
176,Tavu
177,Photolist
178,Quatz
179,Feednation
180,Voonte
181,Thoughtbridge
182,Oyoloo
183,Yakidoo
184,Yata
185,Jayo
186,Topdrive
187,Mydeo
188,Viva
189,Skimia
190,Topicstorm
191,Skipstorm
192,Dynazzy
193,Kaymbo
194,Zoozzy
195,Thoughtbeat
196,Leexo
197,Zoombox
198,Skipstorm
199,Tambee
200,Feednation
201,Fatz
202,Quire
203,Plambee
204,Skivee
205,Edgewire
206,Blognation
207,Livetube
208,Zooveo
209,Quire
210,Linklinks
211,Rhyzio
212,Youfeed
213,Trudeo
214,Eamia
215,Dabfeed
216,Yambee
217,Jetwire
218,Meemm
219,Zoombeat
220,Twitterwire
221,Latz
222,Lazz
223,Kaymbo
224,Wikizz
225,Buzzster
226,Rhyloo
227,Minyx
228,Oozz
229,Voonyx
230,Jabberstorm
231,Gigabox
232,Jazzy
233,Edgeclub
234,Feedmix
235,Vinder
236,Jatri
237,Roombo
238,Aibox
239,Topicstorm
240,Feedfire
241,Browsedrive
242,Skippad
243,Devpulse
244,Riffwire
245,Thoughtmix
246,Tavu
247,Topiczoom
248,Ainyx
249,Skaboo
250,Jabbercube
251,Omba
252,Chatterpoint
253,Wordpedia
254,Ooba
255,Quimba
256,Npath
257,Ozu
258,Jaxnation
259,Dynabox
260,Oyoba
261,Feedfire
262,Fatz
263,Geba
264,Skalith
265,Zoozzy
266,Twitterlist
267,Feedfish
268,Jazzy
269,Yambee
270,Buzzbean
271,Rhyloo
272,Ainyx
273,Devcast
274,Agivu
275,Twiyo
276,Skalith
277,Browsebug
278,Edgewire
279,Eayo
280,Yakitri
281,Trilith
282,Fiveclub
283,Teklist
284,Realpoint
285,Kwimbee
286,Twimbo
287,Meevee
288,Jabberstorm
289,Plambee
290,Wikizz
291,Rhycero
292,Fivebridge
293,Voonyx
294,Bubblebox
295,Twitterlist
296,Twitterlist
297,Dynabox
298,Flipstorm
299,Oodoo
300,Jabbertype
301,Meezzy
302,Skinte
303,Divavu
304,Jamia
305,Jabberstorm
306,Browsedrive
307,Wikivu
308,Yotz
309,Skippad
310,Eare
311,DabZ
312,Mynte
313,Avavee
314,Yakidoo
315,Layo
316,Agimba
317,Twimm
318,Divanoodle
319,Jatri
320,Viva
321,Voonte
322,Livefish
323,Shufflester
324,Rooxo
325,Demimbu
326,Photolist
327,Skinte
328,Vitz
329,Chatterbridge
330,Skynoodle
331,Zazio
332,Livefish
333,Twitterlist
334,Quinu
335,Skinte
336,Yabox
337,Gabcube
338,Fatz
339,Twimbo
340,Plambee
341,Skidoo
342,Jabbersphere
343,Twitterbeat
344,Topicstorm
345,Skyba
346,Gigaclub
347,Voonder
348,Mydeo
349,Demizz
350,Bubblemix
351,Shuffledrive
352,Innojam
353,Mita
354,Skinder
355,Tambee
356,Yambee
357,Yodel
358,Katz
359,Realmix
360,Riffpedia
361,Gabcube
362,Kimia
363,Jayo
364,Oyoba
365,Youfeed
366,Topicblab
367,Zoombox
368,Rhyzio
369,Jazzy
370,Buzzshare
371,Trilith
372,Wikizz
373,Skidoo
374,Yodoo
375,Meeveo
376,Talane
377,Devcast
378,Wikivu
379,Twiyo
380,Tambee
381,Realbridge
382,Kwilith
383,Edgewire
384,Skibox
385,Trudoo
386,Tavu
387,Tagfeed
388,Voomm
389,Dabshots
390,Browsebug
391,Zoomdog
392,Jayo
393,Nlounge
394,Dabjam
395,Jayo
396,Fiveclub
397,Tagfeed
398,Edgetag
399,Dynava
400,Zoovu
401,Yozio
402,Quatz
403,Flashpoint
404,Brainlounge
405,Zooxo
406,Browsetype
407,Vinte
408,Feednation
409,Skilith
410,Tanoodle
411,Quinu
412,Tagchat
413,Zoombeat
414,Vitz
415,Gabtype
416,Meeveo
417,Lazz
418,Skinder
419,Livetube
420,Edgewire
421,Skilith
422,Buzzbean
423,Lazzy
424,DabZ
425,Vinte
426,Linkbridge
427,Gabvine
428,Feedbug
429,Mycat
430,Voolia
431,Tagcat
432,Oodoo
433,Bluezoom
434,Demimbu
435,Babbleblab
436,Devify
437,Riffpedia
438,Skynoodle
439,Minyx
440,Babbleopia
441,Dynazzy
442,Rhynyx
443,Skinix
444,Nlounge
445,Twinder
446,Tavu
447,Podcat
448,Flipbug
449,Gabspot
450,Cogidoo
451,Mita
452,Skajo
453,Kwideo
454,Midel
455,Wikizz
456,Oodoo
457,Podcat
458,Camido
459,Browsedrive
460,Chatterbridge
461,Skimia
462,Brainverse
463,Realbuzz
464,Blogpad
465,Twimbo
466,Eidel
467,Tazz
468,Gevee
469,Snaptags
470,Skiba
471,Thoughtblab
472,Chatterpoint
473,Vipe
474,BlogXS
475,Zoomdog
476,Rhyloo
477,Zoovu
478,Oyoba
479,Zoonder
480,Photofeed
481,Livetube
482,Meevee
483,Shufflester
484,Rhyloo
485,Skinte
486,Skalith
487,Mydeo
488,Zoomlounge
489,Meezzy
490,Muxo
491,Yodo
492,Jabbersphere
493,Gigabox
494,Innojam
495,LiveZ
496,Brightbean
497,Ailane
498,Digitube
499,Realbridge
500,Plambee
501,Zoombeat
502,Oozz
503,Gabspot
504,Npath
505,Oloo
506,Feedspan
507,Linklinks
508,Realcube
509,Quinu
510,Tazzy
511,Meembee
512,Gabspot
513,Yotz
514,Shuffledrive
515,Ainyx
516,Agivu
517,Topicblab
518,Chatterbridge
519,Yambee
520,Browseblab
521,Eadel
522,Jayo
523,Ntags
524,Photojam
525,Tazz
526,Dazzlesphere
527,Vimbo
528,Roodel
529,Twitterworks
530,Wordpedia
531,Fiveclub
532,Jaloo
533,Zoomdog
534,Kazu
535,Photobug
536,Mita
537,Zoonder
538,Izio
539,Skimia
540,Plajo
541,Npath
542,Lazzy
543,Oyoba
544,Jabbersphere
545,Janyx
546,Yabox
547,Photobean
548,Reallinks
549,Riffwire
550,Realbuzz
551,Yata
552,Quatz
553,Eare
554,Eire
555,Jetwire
556,Linktype
557,Agivu
558,Meevee
559,Digitube
560,Oyondu
561,Wikibox
562,Mynte
563,Roodel
564,Reallinks
565,Fivespan
566,Rhyzio
567,Ntag
568,Aibox
569,Devify
570,Livetube
571,Pixonyx
572,Dabfeed
573,Brightbean
574,Mynte
575,Riffpedia
576,Flashpoint
577,Zava
578,Avamm
579,Topiclounge
580,Zooxo
581,Eidel
582,Agivu
583,Voonder
584,Zava
585,Nlounge
586,Dynabox
587,Tazz
588,Katz
589,Bubblebox
590,Youspan
591,Jabbersphere
592,Fliptune
593,Ooba
594,Dynabox
595,Gabtune
596,Gigaclub
597,Yakitri
598,Vinder
599,Realmix
600,Yozio
601,Layo
602,Bubbletube
603,Fanoodle
604,Tagopia
605,Linklinks
606,Zoombeat
607,Skipstorm
608,Devify
609,Quatz
610,Browsecat
611,Wikivu
612,Skilith
613,Photofeed
614,Blogtag
615,Gabcube
616,Skaboo
617,Rhyzio
618,Eazzy
619,Twiyo
620,Trunyx
621,Oyope
622,Cogilith
623,Dablist
624,Blognation
625,Rhyzio
626,Abatz
627,Twiyo
628,Vinder
629,Einti
630,Latz
631,Browsezoom
632,Gigabox
633,Vinte
634,Oba
635,Eazzy
636,Bubblemix
637,Avavee
638,Gigazoom
639,Teklist
640,Devpulse
641,Youopia
642,Devcast
643,Skyba
644,Cogibox
645,Oyoloo
646,Babblestorm
647,Buzzbean
648,DabZ
649,Thoughtblab
650,Feedfire
651,Zoozzy
652,Realpoint
653,Camido
654,Thoughtbeat
655,Wikizz
656,Agivu
657,Feedmix
658,Mymm
659,Realcube
660,Zazio
661,Layo
662,Oyoyo
663,Mita
664,Jetpulse
665,Edgepulse
666,Buzzshare
667,Abata
668,Topicstorm
669,Edgetag
670,Topiczoom
671,Minyx
672,Jayo
673,Yambee
674,Zoozzy
675,Devpulse
676,Dabfeed
677,Fivebridge
678,Meemm
679,Livefish
680,Twitterlist
681,Oba
682,Oodoo
683,Edgepulse
684,Jazzy
685,Eamia
686,Brightbean
687,Quimba
688,Voolia
689,Yombu
690,Aivee
691,Zazio
692,Devshare
693,Vimbo
694,Jaxworks
695,Buzzdog
696,Leenti
697,Chatterbridge
698,Thoughtstorm
699,Miboo
700,Myworks
701,Thoughtbridge
702,Yodo
703,Voomm
704,Minyx
705,Linktype
706,Yakitri
707,Topicblab
708,Zoovu
709,Fatz
710,Blogspan
711,Vitz
712,Fivebridge
713,Skiba
714,Tanoodle
715,Gabspot
716,Jaxspan
717,Kanoodle
718,Skidoo
719,Mita
720,Gabtype
721,Babbleblab
722,Wordtune
723,Demimbu
724,Yozio
725,Oyoloo
726,Babbleopia
727,Rooxo
728,Miboo
729,Dabtype
730,Photobug
731,Jamia
732,Kwinu
733,Vitz
734,Quimm
735,Yambee
736,Flashspan
737,Jatri
738,Shufflester
739,Kazio
740,Snaptags
741,Oba
742,Dynazzy
743,Flipbug
744,Tagchat
745,Flipopia
746,Skiptube
747,Babbleblab
748,Voolia
749,Fanoodle
750,Plambee
751,Zooveo
752,Avamba
753,Ntag
754,Voonyx
755,Tambee
756,Oyoyo
757,Edgeify
758,Oloo
759,Jaxworks
760,Linkbridge
761,Fivebridge
762,Kazu
763,Fliptune
764,Skivee
765,Skyndu
766,Twinte
767,Innotype
768,Tagfeed
769,Topicstorm
770,Aibox
771,Twitternation
772,Browsetype
773,Fadeo
774,Meeveo
775,Jayo
776,Midel
777,Katz
778,JumpXS
779,Oyoyo
780,Ozu
781,Eare
782,Centidel
783,Pixoboo
784,Avavee
785,Edgetag
786,Aimbu
787,Izio
788,Buzzster
789,BlogXS
790,Digitube
791,Linklinks
792,Feednation
793,Ntags
794,Avavee
795,Photobug
796,Youbridge
797,Fadeo
798,Myworks
799,Jaxworks
800,Thoughtbeat
801,Flashpoint
802,Vimbo
803,Twitterlist
804,Feedmix
805,Camimbo
806,Feedfish
807,Eimbee
808,Gevee
809,Kare
810,Linklinks
811,Demivee
812,Bluejam
813,Fatz
814,Realblab
815,Twitterlist
816,Thoughtsphere
817,Omba
818,Zooxo
819,Jabberstorm
820,Camimbo
821,Kare
822,Izio
823,Dabfeed
824,Demivee
825,Oba
826,Jetwire
827,Fadeo
828,Meedoo
829,Fiveclub
830,Kazio
831,Mita
832,Avamm
833,Gabcube
834,Lajo
835,Skiptube
836,Edgeblab
837,Viva
838,Flipbug
839,Npath
840,Yodel
841,Jaxbean
842,Trupe
843,Skynoodle
844,Youspan
845,Mynte
846,Livetube
847,Jaloo
848,Avaveo
849,Rhybox
850,Ooba
851,Babbleblab
852,Thoughtbeat
853,Realbuzz
854,Trilia
855,Wikizz
856,Avaveo
857,Minyx
858,Browsecat
859,Topicware
860,Babblestorm
861,Jayo
862,Divape
863,Izio
864,Trilia
865,Rhynyx
866,Miboo
867,Twimm
868,Kwimbee
869,Kwinu
870,Eabox
871,Jetwire
872,Youfeed
873,Ooba
874,Bluezoom
875,Skyba
876,Avamba
877,Shuffledrive
878,Browseblab
879,Flipstorm
880,Realbridge
881,Nlounge
882,Jabbercube
883,Divape
884,Twitterworks
885,Tekfly
886,Bluejam
887,Snaptags
888,Fivechat
889,Linktype
890,Gigazoom
891,Skyba
892,Browseblab
893,Trunyx
894,Skinix
895,Quimm
896,Vimbo
897,Meemm
898,Kazio
899,Lazz
900,Eabox
901,Kazio
902,Aibox
903,Wikibox
904,Buzzdog
905,InnoZ
906,Rhybox
907,Zoombeat
908,Tagcat
909,Janyx
910,Photobean
911,Fanoodle
912,Twinder
913,Jaxnation
914,Photofeed
915,Zooveo
916,Buzzshare
917,Wordware
918,Skidoo
919,Trilia
920,Quimba
921,Eimbee
922,Kwideo
923,Myworks
924,Centizu
925,Photobug
926,Twitterwire
927,Linkbridge
928,Katz
929,Realbridge
930,Riffwire
931,Yacero
932,Kimia
933,Ailane
934,Bubblebox
935,Photobean
936,Eayo
937,Chatterpoint
938,Blognation
939,Ailane
940,Tagfeed
941,Janyx
942,Bubblebox
943,Gabtune
944,Browsedrive
945,Edgeblab
946,Dynazzy
947,Rhynoodle
948,Twitternation
949,Trunyx
950,Wordify
951,Nlounge
952,Jetwire
953,Quimba
954,Oyoba
955,Oyondu
956,Gabspot
957,Kimia
958,Muxo
959,Twinte
960,Jabberstorm
961,Pixoboo
962,Rhyloo
963,Avaveo
964,Yacero
965,Browsebug
966,Midel
967,Jayo
968,Browsebug
969,Mynte
970,Jabbercube
971,Mymm
972,Eidel
973,Skidoo
974,Yakitri
975,Innotype
976,Thoughtsphere
977,Feedbug
978,Izio
979,Yadel
980,Myworks
981,Trudoo
982,Topicware
983,Devpoint
984,Flipopia
985,Dynazzy
986,Tagtune
987,Aibox
988,Feedfire
989,Yodo
990,Nlounge
991,Linkbuzz
992,Brightdog
993,Babblestorm
994,Browsedrive
995,Cogidoo
996,Quamba
997,Avamm
998,Trudeo
999,Browsebug
1000,Abatz