1,Photofeed,Dabfeed
2,Tazz,Meedoo
3,Dynabox,Rhybox
4,Voolith,Skilith
5,Mybuzz,Flipstorm
6,Jetpulse,Vinder
7,Talane,Chatterbridge
8,Photobug,Oyoba
9,Aimbu,Skidoo
10,Centidel,Demimbu
11,Quatz,Yozio
12,Twitterbridge,Quatz
13,Jaloo,Mynte
14,Jaxworks,Pixonyx
15,Twinder,Topicblab
16,Trilith,Devcast
17,Wordify,Topiclounge
18,Dynabox,Jetpulse
19,Yabox,Twitterbridge
20,Trilia,Pixope
21,Photojam,Rhyzio
22,Kamba,Miboo
23,Podcat,Feedspan
24,Thoughtstorm,Linktype
25,Jabbersphere,Jabbertype
26,Divape,Skyvu
27,Skajo,Linklinks
28,JumpXS,Zoovu
29,Wikido,Miboo
30,Wordpedia,Bubblemix
31,Gabspot,Yadel
32,Bubbletube,Eayo
33,Mycat,Tagchat
34,Shuffledrive,Realpoint
35,Buzzshare,Buzzshare
36,Skibox,Twinder
37,Fanoodle,Topdrive
38,Skidoo,Feedfish
39,Realpoint,Omba
40,Voolia,Trilith
41,Thoughtbeat,Jayo
42,Demimbu,Fadeo
43,Linktype,Gigaclub
44,Abatz,Twitterwire
45,Mybuzz,Plajo
46,Fliptune,Skinder
47,Abata,Centimia
48,Meevee,Tagopia
49,Devpoint,Skinder
50,Yakidoo,Twinder
51,Tanoodle,Oyope
52,Ooba,Rhynoodle
53,Minyx,Blogpad
54,Wikizz,Divape
55,Thoughtblab,Edgewire
56,Skinix,Oyope
57,Kayveo,Izio
58,Mymm,Topicware
59,Aibox,Centimia
60,Pixope,Quire
61,Avamm,Ozu
62,Yadel,Zoomlounge
63,Cogibox,Brainverse
64,Yamia,Shuffledrive
65,Topdrive,Twimbo
66,Photobug,Skaboo
67,Twimbo,Voomm
68,InnoZ,Kwilith
69,Trudoo,Fivechat
70,Gigashots,Linklinks
71,Jaxworks,Mycat
72,Jabbertype,Quinu
73,Flipbug,Wikibox
74,Twinte,Jabberstorm
75,Eimbee,Trudoo
76,Tagopia,Voolith
77,Miboo,Avamba
78,Teklist,Yadel
79,Riffpedia,Yodel
80,Vidoo,Photojam
81,Eayo,Reallinks
82,Cogidoo,Gigashots
83,Twimbo,Browsecat
84,Blognation,Trupe
85,Camido,Avavee
86,Devcast,Myworks
87,Blognation,Tagopia
88,Wordtune,Skaboo
89,Fivespan,Quimba
90,Gabtune,Twimm
91,Fliptune,Realcube
92,Bluezoom,Photolist
93,Eimbee,Flashpoint
94,Riffpedia,Voomm
95,Skidoo,Trudeo
96,Meevee,Skinix
97,Gabvine,Linktype
98,Yakidoo,Miboo
99,Yadel,Babbleopia
100,Minyx,Jetpulse
101,Twitterworks,Wordtune
102,Tambee,Gigaclub
103,Jetpulse,Dynava
104,Tekfly,Eazzy
105,Pixope,Skibox
106,Ailane,Aimbo
107,Reallinks,Innotype
108,Jabbersphere,Kwilith
109,Vipe,Bluezoom
110,Brainbox,Reallinks
111,DabZ,Gabtune
112,Skaboo,Leenti
113,Mydeo,Divanoodle
114,Feedbug,Ozu
115,Cogibox,Bluejam
116,Thoughtsphere,Kamba
117,Divape,Viva
118,Janyx,Riffwire
119,Blogspan,Buzzster
120,Tazz,Jetwire
121,Pixope,Jayo
122,Babbleopia,Chatterbridge
123,Jamia,Yadel
124,Edgepulse,Feedfire
125,Gigabox,Oyonder
126,Mymm,BlogXS
127,Fiveclub,Wikibox
128,Topdrive,Edgeblab
129,Bubblebox,Buzzbean
130,Eamia,Pixoboo
131,Brightbean,Wordtune
132,Skalith,Browsezoom
133,Skinder,Twitterbeat
134,Yadel,Avavee
135,Lazzy,Topdrive
136,Vimbo,Zooveo
137,Zazio,Livepath
138,Rhycero,Livepath
139,Blognation,Jayo
140,Photobug,Geba
141,Wordify,Zava
142,JumpXS,Wordtune
143,Realbridge,Thoughtbeat
144,Meejo,Mybuzz
145,Agimba,Yombu
146,Feedspan,Quimm
147,Ainyx,Talane
148,Skimia,Skiptube
149,Roomm,Gabvine
150,Topicstorm,LiveZ
151,Edgetag,Leenti
152,Lajo,Ntag
153,Mybuzz,Oba
154,Kazu,Realbridge
155,Edgeify,Yambee
156,Talane,Yakitri
157,Oyondu,Jabberbean
158,Skaboo,Kwilith
159,Fatz,Meeveo
160,Yakitri,Dabfeed
161,Trunyx,Photospace
162,Skimia,Demimbu
163,Quinu,Voolia
164,Photolist,Skimia
165,Jabbertype,Cogibox
166,Wikizz,Riffwire
167,JumpXS,Centimia
168,Avaveo,Photobean
169,Zoovu,Yakijo
170,Edgeclub,Demizz
171,Gabspot,Skilith
172,Skynoodle,Livetube
173,Flashset,Vinder
174,Tagpad,Eire
175,InnoZ,Geba
176,Tavu,Gigaclub
177,Zoomcast,Wordpedia
178,Gigabox,Voonyx
179,Voonder,Npath
180,Flashspan,Demivee
181,Skyba,Wikizz
182,Bubblemix,Jabberstorm
183,Youtags,Skyndu
184,Brainlounge,Devshare
185,Thoughtworks,Katz
186,Shufflester,Trunyx
187,Wordware,Yambee
188,Bubblebox,Quimba
189,Podcat,Demivee
190,Wikido,Gigazoom
191,Jabberstorm,Leexo
192,Jetpulse,Blogspan
193,Zoovu,Buzzdog
194,Talane,Quaxo
195,Skiba,Feedfish
196,Pixoboo,Agivu
197,Agivu,Wikizz
198,Yakijo,Edgeclub
199,Gabspot,Innotype
200,Twitternation,Flashpoint
201,Skinder,Camido
202,Kwimbee,Quimba
203,Meetz,Brainsphere
204,Latz,Photospace
205,Edgepulse,Voomm
206,Wikizz,Twimbo
207,Leenti,Gevee
208,Jaloo,Thoughtstorm
209,Jabbersphere,Yadel
210,Demizz,Pixonyx
211,Oozz,Brainlounge
212,Divavu,Eamia
213,Rhyzio,Riffpedia
214,Shufflebeat,Kaymbo
215,Ozu,Browsetype
216,Abata,Kamba
217,Buzzdog,Realblab
218,Dabtype,Gigashots
219,Babbleblab,Voolia
220,Topicblab,Vidoo
221,Cogidoo,Yombu
222,Linkbuzz,Babbleset
223,Zoonoodle,Janyx
224,Gabspot,Trudoo
225,Bluezoom,Tazz
226,Voonder,Livepath
227,Browsecat,Skiba
228,Trunyx,Thoughtsphere
229,BlogXS,Centidel
230,Flipbug,Yamia
231,Avamm,Zoomlounge
232,Kayveo,Rhycero
233,Midel,Tazzy
234,Midel,Jaxspan
235,Fliptune,Fatz
236,Riffpath,Voolia
237,Meedoo,DabZ
238,Nlounge,Teklist
239,Tagfeed,Zooxo
240,Wikido,Katz
241,Zoozzy,Thoughtstorm
242,Skinder,Browsedrive
243,Zoonoodle,Jabbercube
244,Tazz,Divanoodle
245,Skimia,Twitterworks
246,Minyx,Oyonder
247,Blognation,Wordware
248,Omba,Tagopia
249,Riffpath,Ntag
250,Yakitri,Bubbletube
251,Vipe,Jetpulse
252,Buzzbean,Bubblebox
253,Yakitri,Browsebug
254,Devcast,Rooxo
255,Demivee,Youbridge
256,Vipe,Oodoo
257,Kwideo,Livetube
258,Dabtype,Jabbersphere
259,Edgeblab,Livefish
260,Nlounge,Jabbersphere
261,Meetz,Oloo
262,Mymm,Linkbuzz
263,Centidel,BlogXS
264,Gigashots,Tavu
265,Browsetype,Realfire
266,Quimba,Avamba
267,Rhybox,Photospace
268,Browsezoom,Voolith
269,Centizu,Roombo
270,Rhyzio,Topicshots
271,Midel,Katz
272,Wordtune,Babblestorm
273,Brainsphere,Jayo
274,Tagcat,Twitterworks
275,Kwimbee,Gabspot
276,Zoombox,Zava
277,Zoovu,Photospace
278,Meejo,Skynoodle
279,Buzzdog,Voonyx
280,Dynabox,Jabbersphere
281,Wikido,Linkbuzz
282,Wordtune,Nlounge
283,Quire,Flipstorm
284,Brightdog,Zoombox
285,Eayo,Thoughtbridge
286,Cogidoo,Tanoodle
287,Dablist,Shufflester
288,Pixope,Shuffledrive
289,Buzzster,Divanoodle
290,Einti,Photospace
291,Zooxo,Feedfish
292,Voonyx,Janyx
293,Edgeify,Feedspan
294,Yombu,Brainlounge
295,Riffpedia,Vimbo
296,Jabberbean,Devcast
297,Jabbertype,Buzzster
298,Youspan,Ooba
299,Vipe,Zoovu
300,LiveZ,Cogilith
301,Centimia,Meemm
302,Yadel,Dynazzy
303,Devshare,Rhybox
304,Abata,Flipbug
305,Trunyx,Thoughtblab
306,Yozio,Divanoodle
307,Gigaclub,Divanoodle
308,Podcat,Skipfire
309,Viva,Eazzy
310,Demizz,Gigaclub
311,Trilith,Feednation
312,Zoonder,Buzzster
313,Voolith,Edgeify
314,Browsecat,Quinu
315,Cogidoo,Abatz
316,Vimbo,Babbleset
317,Layo,Photobug
318,Yombu,Meevee
319,Eimbee,Lazzy
320,Thoughtbridge,Snaptags
321,Browsezoom,Ozu
322,Trupe,Wikizz
323,Omba,Jaxspan
324,Skivee,Rhyloo
325,Yadel,Browseblab
326,Rhynyx,Fatz
327,Meembee,Kwideo
328,Eazzy,Browsedrive
329,Brainlounge,Realpoint
330,Demimbu,Oodoo
331,Topicware,Jabberstorm
332,Eabox,Yacero
333,Thoughtblab,Mita
334,Divape,Thoughtblab
335,Twiyo,Topiczoom
336,Twitternation,Dabfeed
337,Linklinks,Aimbu
338,Dabvine,Fiveclub
339,Skipfire,Twitterbeat
340,Cogilith,Wikibox
341,Wikizz,Skyndu
342,Meevee,Zoombox
343,Tazzy,Kimia
344,Kanoodle,Yacero
345,Realfire,Agivu
346,Tagcat,Jetpulse
347,Divape,Flashdog
348,Kwinu,Quatz
349,Gigazoom,Dazzlesphere
350,Vinder,Chatterpoint
351,Mydo,Youbridge
352,Brainsphere,Gabvine
353,Trupe,Twimbo
354,Photobug,Layo
355,Ooba,Quinu
356,Mycat,Zoonoodle
357,Gabvine,Eimbee
358,Tambee,Jabbercube
359,Aimbo,Gigaclub
360,Vidoo,Mita
361,Ooba,Gigabox
362,Zazio,Oyondu
363,Realcube,Eidel
364,Tazzy,Kimia
365,Edgetag,Babbleset
366,Browsetype,Trudoo
367,Browsezoom,Linklinks
368,Demimbu,Feedfire
369,Yata,Kare
370,Eabox,Eadel
371,Rhynoodle,Babbleset
372,Centimia,Brainbox
373,Quimm,Trilith
374,Avavee,Realcube
375,Twitternation,Trilith
376,Podcat,Thoughtmix
377,Skinix,Browsecat
378,Oyondu,Edgewire
379,Snaptags,Topiczoom
380,Meeveo,Devshare
381,Shufflebeat,Yombu
382,Oozz,Kare
383,Dynazzy,Skinix
384,Zoozzy,Dablist
385,Feedfish,Centidel
386,Fivespan,Fivechat
387,Jamia,Wikizz
388,Dabjam,Realmix
389,Flipbug,Quinu
390,Tekfly,Youspan
391,Eire,Skipstorm
392,Divavu,Skipfire
393,Photojam,Youtags
394,Blogspan,InnoZ
395,BlogXS,Photobug
396,Edgepulse,Wikido
397,Wordtune,Brainverse
398,Layo,Quimba
399,Kaymbo,Edgetag
400,Linktype,Zoombeat
401,Browsezoom,Tagpad
402,Riffpath,Zoozzy
403,Devify,Demivee
404,Oyonder,Youspan
405,Jatri,Wikizz
406,Tagchat,Cogidoo
407,Avamba,Tagchat
408,Oloo,Fivebridge
409,Reallinks,Shufflebeat
410,Brightbean,Agivu
411,Teklist,Quinu
412,Blogspan,Pixoboo
413,Zoovu,Minyx
414,Shuffledrive,Tagchat
415,Zoonder,Zoomlounge
416,Skinix,Jabberstorm
417,Npath,Twitterwire
418,Roombo,Wordtune
419,Oyondu,Skynoodle
420,Jayo,Tagcat
421,Thoughtblab,Yata
422,Feedspan,Plajo
423,Eabox,Kaymbo
424,Topicware,Realblab
425,Bubblemix,Quatz
426,Brightdog,Fatz
427,Rhyloo,Jetwire
428,Riffpedia,Wikibox
429,Innojam,Oloo
430,Brainsphere,Riffwire
431,Yodel,Flashset
432,Fivespan,Livefish
433,Cogilith,Flashdog
434,Flashspan,Jabbersphere
435,Mycat,Oyoloo
436,Chatterpoint,Topiclounge
437,Twiyo,Oyoba
438,Lazzy,Devbug
439,Camido,Jabbertype
440,Demimbu,Fivespan
441,Oyonder,Youspan
442,Einti,JumpXS
443,Youbridge,Avamm
444,Dablist,Buzzdog
445,Vitz,Yakidoo
446,Feednation,Oyondu
447,Skippad,Gabvine
448,Skyble,Brainsphere
449,Twitterworks,Tazz
450,Photolist,Layo
451,Quinu,Mita
452,Quire,Gabtune
453,Realcube,Shuffletag
454,Cogibox,Mynte
455,Demimbu,Feedfire
456,Skipstorm,Devify
457,Voonder,Quinu
458,Tagcat,Voonix
459,Flashset,Babbleblab
460,Demivee,Brainbox
461,Browsebug,Voolith
462,Skipstorm,Brightdog
463,Oyoba,Gigazoom
464,Zoozzy,Quinu
465,Babbleopia,Linkbridge
466,Miboo,Gabspot
467,Youspan,Camimbo
468,Dabtype,Kwilith
469,Eabox,Skiptube
470,Yoveo,Katz
471,Babblestorm,Einti
472,Lazzy,Feednation
473,Snaptags,Aimbu
474,Yambee,Edgeclub
475,Zoomcast,Mydo
476,Browsecat,Dabshots
477,Jayo,Digitube
478,Blognation,Twimm
479,Youfeed,Twinder
480,Rooxo,Yodo
481,Skaboo,Zoombeat
482,Youtags,Skinder
483,Edgepulse,Linklinks
484,Npath,Mymm
485,Blogpad,Fivespan
486,Quatz,Roombo
487,Tambee,Rhybox
488,Shuffletag,Midel
489,Thoughtbeat,Jabberbean
490,Feedmix,Jabberbean
491,Roodel,Jamia
492,Katz,Roomm
493,Skipstorm,Voolia
494,Jayo,Yakijo
495,Dabshots,Demivee
496,Meedoo,Voolia
497,Realpoint,Topicware
498,Topdrive,Voonyx
499,Eazzy,Topiclounge
500,Jabbersphere,Ailane
501,Teklist,Aimbu
502,Yata,Jabberbean
503,Realcube,Yakijo
504,Eire,Skalith
505,Jayo,Babbleopia
506,Yadel,Twitterbridge
507,Cogilith,Feednation
508,Trudoo,Tazzy
509,Gigaclub,Ailane
510,Devcast,DabZ
511,Skipstorm,Flipstorm
512,Twinte,Gigaclub
513,Tagchat,Dynava
514,Voonix,Realbridge
515,Gigabox,Einti
516,Voomm,Yodo
517,Topicware,Layo
518,Tagopia,Youfeed
519,Centizu,Oyoloo
520,Ntags,Skalith
521,Divanoodle,Zoozzy
522,Npath,Dazzlesphere
523,Skaboo,Zoozzy
524,Edgepulse,Voonyx
525,Gabcube,Edgetag
526,Browsedrive,Skipfire
527,Chatterpoint,Meejo
528,Zoonoodle,Trudeo
529,Thoughtbridge,Oyoba
530,Trupe,Wordpedia
531,Buzzshare,Tavu
532,Jatri,Avavee
533,Feedmix,Jaxnation
534,Gevee,Topicblab
535,Realmix,Meemm
536,Blogspan,Plambee
537,Realbuzz,Thoughtstorm
538,Edgewire,Voonix
539,Topicware,DabZ
540,Gigaclub,Voonyx
541,Gigaclub,Aivee
542,Jaxspan,DabZ
543,Twitterbeat,Gabtune
544,Centimia,Gabcube
545,Dabfeed,Roombo
546,Kamba,Minyx
547,Miboo,Myworks
548,Chatterpoint,Wordtune
549,Linktype,Youspan
550,Quaxo,Cogidoo
551,Zoomdog,Camimbo
552,Plambee,Cogibox
553,Blogspan,Jetpulse
554,DabZ,Skinder
555,Jetpulse,Kimia
556,Mycat,Ntags
557,Eamia,Jabberbean
558,Edgeify,Fatz
559,Eadel,Devshare
560,Avamm,Roodel
561,Flashdog,Gigabox
562,Skyndu,Trunyx
563,Photobug,Innotype
564,Dazzlesphere,Kwideo
565,Jabbertype,Jaxworks
566,Oyondu,Jaxworks
567,Plajo,Realbuzz
568,Flipbug,Cogibox
569,Avamm,Bubbletube
570,Kwideo,Voomm
571,Pixonyx,Babbleopia
572,Ailane,Dablist
573,Latz,Zooxo
574,Abata,Wordpedia
575,Muxo,Zava
576,Voonder,Rhyloo
577,Livetube,Kwimbee
578,Pixope,Zava
579,Aimbu,Ntag
580,Jaloo,InnoZ
581,Vitz,Jaxbean
582,Zoomcast,Flashspan
583,Linklinks,Feedfire
584,Devbug,Brainverse
585,Topdrive,Skyble
586,Skyndu,Feedspan
587,Twinte,Meezzy
588,Kazu,Gabtune
589,Mydeo,Skiptube
590,Ooba,Bubbletube
591,Voonder,Jabbercube
592,Janyx,Trunyx
593,Blogtag,Photobug
594,Linktype,Edgetag
595,Skimia,Abata
596,Jayo,Topicstorm
597,Snaptags,Voomm
598,Thoughtmix,Twimm
599,Mymm,Jetwire
600,Gabcube,Livetube
601,Dynava,Babbleblab
602,Skivee,Jaxbean
603,Digitube,Janyx
604,Skyble,Flashspan
605,Lajo,Zoovu
606,Topicblab,Jabberstorm
607,Youopia,Voolia
608,Blognation,Skipfire
609,Jatri,Skyvu
610,Linklinks,Reallinks
611,Jabberbean,Meevee
612,Thoughtworks,Roombo
613,Jabbercube,Eazzy
614,Twitterworks,Zoomcast
615,Wikizz,Yodoo
616,Feedfire,Jaxspan
617,Photospace,Latz
618,Gigazoom,Oloo
619,Kwinu,Quatz
620,Photobug,Yodel
621,Flipbug,Camimbo
622,Tagfeed,Yacero
623,Oyonder,Flipopia
624,Dablist,Aibox
625,Demimbu,Trupe
626,Skyble,Kazu
627,Topicware,Trilith
628,Thoughtworks,Thoughtblab
629,Meevee,Kayveo
630,Fivechat,Kwinu
631,Voonder,Gevee
632,Rhycero,Roombo
633,Linkbridge,Gigabox
634,Browsetype,Jayo
635,Dynabox,Gabvine
636,Mydo,Skidoo
637,Realmix,Trunyx
638,Janyx,Skalith
639,Voonder,Skyba
640,Lazzy,Minyx
641,Yoveo,Quatz
642,Devpulse,Meevee
643,Buzzshare,Layo
644,Shufflebeat,Tagchat
645,Browsezoom,Dynazzy
646,Brainlounge,Feedfish
647,Feednation,Gabtune
648,Divanoodle,Rhyzio
649,Voomm,Feedbug
650,Babbleset,Divape
651,Skyvu,Eimbee
652,Flipopia,Twiyo
653,Voonder,Feedfire
654,Bubblebox,Aivee
655,Digitube,Yata
656,Trilith,Rhyloo
657,Kwimbee,Skynoodle
658,Meezzy,Mycat
659,Aibox,Innojam
660,Fanoodle,Gabtype
661,Talane,Quatz
662,Oodoo,Brainverse
663,Gigabox,Tagchat
664,Blogpad,Demizz
665,Jaxbean,Eidel
666,Bluejam,Ainyx
667,Latz,Wikizz
668,Photobean,Ozu
669,Mynte,Leexo
670,Zoovu,Demivee
671,Innojam,Flashspan
672,Babblestorm,Kanoodle
673,Skinder,Kwimbee
674,Avavee,Meeveo
675,Thoughtmix,Kwinu
676,Twitternation,Innojam
677,Skimia,Camimbo
678,Mydo,Voolith
679,InnoZ,Twitterwire
680,Plambee,Kimia
681,Babbleopia,Skilith
682,Flashpoint,Tagchat
683,Thoughtbeat,Bluejam
684,Meejo,Thoughtstorm
685,Gabtune,Trilith
686,Quinu,Topicblab
687,Dynazzy,Fliptune
688,Oyondu,Skimia
689,Devshare,Fatz
690,Eadel,Topiczoom
691,Brightdog,Cogidoo
692,Youspan,Topicshots
693,Aimbu,Jaxbean
694,Buzzshare,Feedmix
695,Tavu,Twitternation
696,Tagtune,Demizz
697,Twitterworks,Skibox
698,Wikido,Tazz
699,Bluejam,Midel
700,Twimm,Buzzster
701,Eare,Linkbuzz
702,Muxo,Rhynoodle
703,Eire,Talane
704,Muxo,Npath
705,Zoomdog,Babblestorm
706,Feedmix,Myworks
707,Realfire,Thoughtmix
708,Digitube,Wikido
709,Vinte,Eazzy
710,Trupe,Tagtune
711,Avavee,Devpoint
712,Linkbuzz,Jamia
713,Dynabox,Eire
714,Jabberbean,Zooxo
715,Gabtune,Topicware
716,Rhycero,Abata
717,Rhybox,Zoombeat
718,Zoozzy,Vinte
719,Photospace,Voomm
720,Rhyloo,Twinte
721,Mynte,Zooxo
722,Roodel,Devcast
723,Meembee,Rhybox
724,Rhyloo,Jaxbean
725,Quinu,Wikizz
726,Gigashots,Nlounge
727,Kazu,Mydeo
728,Tambee,Skaboo
729,Demizz,Tagopia
730,Pixope,Brainsphere
731,Podcat,Jaxworks
732,Jayo,Divape
733,Mudo,Skalith
734,Browsetype,Dabvine
735,Vinte,Photolist
736,Realmix,Kayveo
737,Devpulse,Brainverse
738,Zoomlounge,Mynte
739,Buzzbean,Dazzlesphere
740,Riffpath,Meembee
741,Cogibox,Skilith
742,Realmix,Photofeed
743,Jabbersphere,Vidoo
744,Photojam,Yakitri
745,Edgewire,Browsetype
746,Yodo,Myworks
747,Leexo,Mynte
748,Zoovu,Aivee
749,Fivespan,Leenti
750,Meezzy,Zazio
751,Dabtype,Twitterwire
752,Talane,Browsezoom
753,Chatterpoint,Divanoodle
754,Eidel,Jaxbean
755,Zava,Yamia
756,Dabfeed,Katz
757,Flashset,Vidoo
758,Vinte,Brainsphere
759,Brainverse,Tagopia
760,Browseblab,Kimia
761,Topiczoom,Wordware
762,Jetwire,Voonyx
763,Zoonoodle,Midel
764,Thoughtblab,Voonte
765,Buzzster,Jetwire
766,Buzzster,Rhyloo
767,Gabtype,Quaxo
768,Voolith,Youbridge
769,Voomm,BlogXS
770,Meevee,Bubbletube
771,Eire,Demizz
772,Yoveo,Blogspan
773,Pixonyx,Mymm
774,Vidoo,Dablist
775,Youtags,Dynava
776,Eayo,Miboo
777,Riffpedia,Voonyx
778,Twitterbridge,Gigashots
779,Photolist,Blogpad
780,Wikizz,Fivechat
781,Yata,Jatri
782,Twitterbeat,Eabox
783,Jabberstorm,Quinu
784,Kwinu,Quinu
785,Youopia,Gigazoom
786,Shuffledrive,Yakitri
787,Oodoo,Wordpedia
788,Blogtag,Dabshots
789,Ozu,Skiba
790,Voolia,Jayo
791,Divavu,Mudo
792,Oyonder,Einti
793,Oba,Dynabox
794,Teklist,Oodoo
795,Jaxnation,Skinder
796,Yotz,Ooba
797,Jabbertype,Eayo
798,Tavu,Twimm
799,Dynazzy,Jayo
800,Quinu,Vimbo
801,Shufflester,Skyvu
802,Shufflebeat,Eabox
803,Avamm,Eire
804,Tambee,Wordify
805,Devify,Teklist
806,Flashspan,Ainyx
807,Jaxbean,Gigazoom
808,Innojam,Roomm
809,Thoughtbeat,Mydo
810,Edgepulse,Browsezoom
811,BlogXS,Plambee
812,Brightdog,Avavee
813,Ntags,Camido
814,Mydo,Thoughtstorm
815,Riffpath,Eimbee
816,Jabberstorm,Linktype
817,Kwideo,Wordify
818,Devcast,Zazio
819,Topiczoom,Zoonoodle
820,Dabjam,Zoomzone
821,Kayveo,Buzzshare
822,Thoughtblab,Oyope
823,Leexo,Skinix
824,Fanoodle,Buzzster
825,Blogtags,Rhybox
826,Kwinu,Leenti
827,Eimbee,Kare
828,Eadel,Realcube
829,Kamba,Cogilith
830,Blognation,Voolith
831,Roombo,Yoveo
832,Muxo,Voolith
833,Fadeo,Jabbertype
834,Eare,Livefish
835,Brainverse,Yoveo
836,Yodel,Voonder
837,Mynte,JumpXS
838,Gigashots,Talane
839,Innotype,Tagfeed
840,Cogibox,Wordify
841,Quaxo,Dynabox
842,Yombu,Dazzlesphere
843,Brainsphere,Trupe
844,Babbleset,Avamba
845,Fivespan,Yoveo
846,Minyx,Npath
847,Trupe,Mybuzz
848,Shufflebeat,Voonte
849,Meevee,Realbridge
850,Realblab,Zazio
851,Yakijo,Jabberbean
852,Twitterwire,Yambee
853,Trilia,JumpXS
854,Edgepulse,Geba
855,Eazzy,Dabtype
856,Mynte,Omba
857,Quatz,Gabtune
858,Pixonyx,Riffpath
859,Cogidoo,Eadel
860,Divanoodle,Fanoodle
861,Geba,Trudoo
862,Fliptune,Wikibox
863,Tavu,Fivespan
864,Digitube,Fiveclub
865,Zava,Gabcube
866,Livefish,Devbug
867,Eidel,Skilith
868,Twimbo,Eire
869,Gigabox,Twiyo
870,Skajo,Yakidoo
871,Feedmix,Vitz
872,Gevee,Buzzdog
873,Thoughtstorm,Browsetype
874,DabZ,Skimia
875,Trudoo,Agivu
876,Trilith,Wordify
877,Meejo,Riffpedia
878,Twiyo,Zoombeat
879,Brainverse,Quire
880,Dabfeed,Devshare
881,Babbleset,Youfeed
882,Skyvu,Realmix
883,Rhynyx,Zoombeat
884,Voonix,Gabspot
885,Reallinks,Voonyx
886,Quamba,InnoZ
887,Rhyzio,Zava
888,Avavee,Jaxspan
889,Kanoodle,Thoughtsphere
890,Edgeclub,Janyx
891,Topiczoom,Dabtype
892,Jabbersphere,Devcast
893,Jayo,Shuffletag
894,Eayo,Eidel
895,Rhynyx,Linktype
896,Twinte,Fiveclub
897,Gabspot,Linktype
898,Gabvine,Skimia
899,Roodel,Jabbertype
900,Skyvu,Mudo
901,Mybuzz,Twitterbridge
902,Buzzdog,Skinte
903,Livetube,Agimba
904,Topicstorm,Pixope
905,Yakidoo,Jaxbean
906,Topicblab,Photofeed
907,Flashpoint,Wikizz
908,Gabtype,Brainsphere
909,Edgepulse,Rhynyx
910,Trudeo,Pixope
911,Quire,Trunyx
912,Avamba,Ailane
913,Browsecat,Vinte
914,Jetwire,Vimbo
915,Centidel,Skivee
916,Topicblab,Dabvine
917,Wordware,Oyondu
918,Livetube,Dynazzy
919,Wordtune,Abata
920,Vidoo,Twiyo
921,Shufflebeat,Plajo
922,Skidoo,Chatterpoint
923,Edgewire,Edgeblab
924,Eire,Wikizz
925,Thoughtbeat,Buzzbean
926,Jabbercube,Latz
927,Eare,Pixoboo
928,Brightbean,Layo
929,Topicshots,Zoomlounge
930,Leexo,Tekfly
931,Zoombeat,Skynoodle
932,Riffpath,Photobean
933,Skyble,Demivee
934,Thoughtmix,Midel
935,Youbridge,Edgewire
936,Vimbo,Snaptags
937,Tagpad,Quinu
938,Eayo,Flashset
939,Skipstorm,Oodoo
940,Fivespan,Avavee
941,Thoughtmix,Innotype
942,Wikizz,Tagtune
943,Livepath,Photobug
944,Brainlounge,Twitterbridge
945,Wordtune,Avamba
946,Mita,Realmix
947,Twinte,Podcat
948,Agimba,Centizu
949,Vipe,Snaptags
950,Zoomcast,Lazz
951,Zoovu,Trilith
952,Aibox,Devpulse
953,Youopia,Zazio
954,Plambee,Youopia
955,Oyope,Brightbean
956,Quinu,Quire
957,Jamia,Gigashots
958,Blogspan,Twimm
959,Blogspan,Ntag
960,Voomm,Gigashots
961,Centidel,Voomm
962,Oodoo,Jaxworks
963,Browseblab,Lajo
964,Tavu,Oyoyo
965,Youspan,Bluezoom
966,Tagpad,Tambee
967,Yodo,Jabberstorm
968,Twinte,Lajo
969,Dablist,Twinder
970,Realblab,Gigabox
971,Thoughtbridge,Buzzdog
972,Eare,LiveZ
973,Youfeed,Photobug
974,Cogilith,Eazzy
975,Plambee,Oyoyo
976,Riffpath,Jayo
977,Zoombeat,Tazzy
978,Edgetag,Blogtags
979,Avamba,Babblestorm
980,Twitterlist,Agimba
981,Yoveo,Gevee
982,Fivespan,Flashdog
983,Wikido,Edgeblab
984,Yombu,Digitube
985,Aimbu,Twitterlist
986,Quimba,Eimbee
987,Eare,Yombu
988,Photobean,Yacero
989,Edgetag,Photofeed
990,Livetube,Lajo
991,Realbridge,Brightbean
992,Yodel,Demimbu
993,InnoZ,Linklinks
994,Photofeed,Shufflester
995,Dabjam,Eamia
996,Edgewire,Katz
997,Kwinu,Skinix
998,Myworks,Bluejam
999,Quimba,Meedoo
1000,Einti,Tekfly